"","external_gene_name","logFC","FDR","depmap_median_probability_score"
"ENSG00000001497.16","LAS1L",-0.824625176789832,3.83789880844885e-06,0.960689004162423
"ENSG00000004779.10","NDUFAB1",-0.284852257679254,0.000826877187106665,0.907460101233168
"ENSG00000005007.12","UPF1",-0.29045510175521,0.000194574217257344,0.975889658745837
"ENSG00000005100.13","DHX33",-0.948446447744776,4.47885625443856e-07,0.958200643543531
"ENSG00000005175.10","RPAP3",-0.322907541657883,0.000484372309182391,0.953187984940457
"ENSG00000005194.15","CIAPIN1",-0.462880957559939,1.89686037749033e-06,0.92580949696287
"ENSG00000006634.8","DBF4",-0.815505169676543,4.67744890884374e-06,0.918602842797541
"ENSG00000006744.19","ELAC2",-0.702988233376832,2.41488142225133e-07,0.941010646650548
"ENSG00000008018.9","PSMB1",-0.298199029209831,7.95719268288108e-06,0.9999643376358
"ENSG00000010072.16","SPRTN",-0.260708495539207,0.00800019021132025,0.920473933800736
"ENSG00000010244.18","ZNF207",-0.340544242872684,1.04917455208047e-05,0.999996635341218
"ENSG00000011260.14","UTP18",-0.846615987470637,4.91675728745629e-07,0.935242247478802
"ENSG00000011426.11","ANLN",-0.689285251472726,0.00032978303771711,0.867353505945647
"ENSG00000013275.7","PSMC4",-0.694700547949096,2.49555304127999e-08,0.996372605452667
"ENSG00000013503.10","POLR3B",-0.374239070221115,0.000907406709301729,0.999990009987202
"ENSG00000013573.17","DDX11",-0.610807902254538,7.56113991934162e-05,0.94336277491888
"ENSG00000014138.9","POLA2",-1.44503842162113,1.56249434510876e-06,0.99059366828376
"ENSG00000018699.13","TTC27",-0.496367066298621,0.00107065256818469,0.990101579347413
"ENSG00000021776.11","AQR",-0.25852797264404,0.000701476672855588,0.999851490334197
"ENSG00000023734.11","STRAP",-0.568036606793677,9.44715205003273e-07,0.944146285147207
"ENSG00000025770.19","NCAPH2",-0.81974955522368,8.55134866747924e-07,0.859740425971413
"ENSG00000030066.13","NUP160",-0.411373733408542,0.000757504864213375,0.998308101094395
"ENSG00000033011.12","ALG1",-0.393470150336798,0.000120926278175544,0.946644466181803
"ENSG00000035141.8","FAM136A",-1.1017502933881,6.93095468012844e-09,0.754457968426489
"ENSG00000039123.16","MTREX",-0.313432374413232,0.000165957344963004,0.999745141645402
"ENSG00000040275.17","SPDL1",-1.16482527289215,6.75532775669357e-08,0.97945927999733
"ENSG00000041802.11","LSG1",-0.450741032855749,0.000189905660694026,0.970711490495904
"ENSG00000044574.8","HSPA5",0.49573005690758,0.00076747294872565,0.999811720053559
"ENSG00000046647.13","GEMIN8",0.720550476458516,3.07857504822158e-06,0.866727144412786
"ENSG00000047410.14","TPR",-0.188472095045099,0.000919891463193756,0.935029002342872
"ENSG00000048162.20","NOP16",-1.42045571136068,1.0123504971833e-07,0.976310095172644
"ENSG00000049541.11","RFC2",-1.26465560714508,3.04255699246197e-08,0.993776639175471
"ENSG00000051180.17","RAD51",-1.3731424887429,6.71336952999492e-06,0.978667599690944
"ENSG00000051596.9","THOC3",-0.369105248194931,0.00195865429345648,0.999935619433794
"ENSG00000052749.13","RRP12",-1.30529370227098,2.01750533299772e-08,0.976457396395144
"ENSG00000053372.5","MRTO4",-1.38792107625302,1.55449310996187e-07,0.957011739119903
"ENSG00000055044.11","NOP58",-1.02701229454196,3.76344763164426e-07,0.995840483075261
"ENSG00000055130.16","CUL1",-0.366143957872791,6.77698528690565e-06,0.793474214078205
"ENSG00000055483.19","USP36",-0.918554173586698,2.14741617454523e-08,0.977955022677214
"ENSG00000058262.10","SEC61A1",-0.316110533103454,0.00119767925797324,0.999999899572546
"ENSG00000058600.16","POLR3E",-0.593743716090053,9.45457232047939e-07,0.904400250817877
"ENSG00000058729.11","RIOK2",-0.317950791077178,0.000602384114568541,0.972926658647633
"ENSG00000060237.17","WNK1",-0.21897965111376,0.00192780635612232,0.940500306757144
"ENSG00000060688.13","SNRNP40",-0.74087707196432,2.18881023459158e-07,0.856224392686708
"ENSG00000061936.9","SFSWAP",-0.327882881480915,7.12961183851633e-07,0.891916312802806
"ENSG00000062822.13","POLD1",-1.03599638224059,1.70284142254545e-07,0.999940106532268
"ENSG00000063244.12","U2AF2",-0.456292270066491,0.000127432538405569,1
"ENSG00000063978.16","RNF4",-0.495280386598331,8.26132779122236e-07,0.905464207696403
"ENSG00000064313.12","TAF2",-0.174766552080034,0.000214099476203108,0.94294651860878
"ENSG00000064419.13","TNPO3",-0.213512234592126,0.00056502605672745,0.999516494834069
"ENSG00000064703.12","DDX20",-0.649599329149064,7.43288172156535e-07,0.977673320315488
"ENSG00000065183.16","WDR3",-0.880222471830638,5.89602357752185e-06,0.95446399786046
"ENSG00000065268.10","WDR18",-0.526548850114452,3.04128617299771e-05,0.953042259233437
"ENSG00000065328.16","MCM10",-2.18473547724718,5.60167127517335e-07,0.845166379042853
"ENSG00000065427.14","KARS1",-0.447695033112801,2.82669113202727e-05,0.999996665532405
"ENSG00000065978.19","YBX1",-0.692504089976864,1.56060826060128e-05,0.943872249838613
"ENSG00000066379.15","POLR1H",-0.248614036529536,0.00317752944902149,0.90972960719478
"ENSG00000067225.18","PKM",-0.748105900967735,3.50763685374684e-08,0.924058406920704
"ENSG00000067533.6","RRP15",-1.1613325911887,7.82274087442668e-08,0.945075748802183
"ENSG00000068394.11","GPKOW",0.277102342372785,0.00145633756859136,0.933384987759642
"ENSG00000068654.16","POLR1A",-0.929288781471398,5.21099311122579e-07,0.999921356947817
"ENSG00000068784.13","SRBD1",-0.438617093838927,0.000278500316241927,0.989984190424097
"ENSG00000069248.12","NUP133",-0.217728432006954,0.00277892504403867,0.99709329065088
"ENSG00000070010.19","UFD1",-0.448865257992146,2.15832937619367e-07,0.9849097584677
"ENSG00000070785.16","EIF2B3",-0.963579523692819,2.41912904712548e-07,0.996353590479383
"ENSG00000070814.19","TCOF1",-1.64461337868341,3.86302912499191e-08,0.930736043179288
"ENSG00000070831.16","CDC42",-0.214083737743105,0.00575758797336504,0.945712005407803
"ENSG00000071462.11","BUD23",-0.71274306392582,1.75272359546484e-07,0.997222075740661
"ENSG00000071553.17","ATP6AP1",0.517473998221169,1.29967578501508e-06,0.942992937212136
"ENSG00000071994.10","PDCD2",-0.270835849072701,0.000465648430885919,0.951819877132816
"ENSG00000072274.13","TFRC",-0.782141152001175,6.41529748998355e-07,0.923801986120502
"ENSG00000072501.17","SMC1A",-0.798873489340269,3.34887161294084e-06,0.993335610028115
"ENSG00000072756.17","TRNT1",-0.489053735894312,4.83303463783183e-05,0.966517085526656
"ENSG00000073111.14","MCM2",-1.51827427215912,1.79162686454523e-05,0.99981872416605
"ENSG00000073536.18","NLE1",-1.1291441414429,4.50715982494832e-07,0.976507760197554
"ENSG00000073969.18","NSF",0.295906643483243,9.3257845763724e-05,0.999983124664235
"ENSG00000075089.9","ACTR6",0.541270567706561,1.52960041058124e-05,0.906375379020409
"ENSG00000075131.10","TIPIN",-1.48496700382517,2.14062339996428e-08,0.970078546999885
"ENSG00000075856.12","SART3",-0.450098248968816,6.66357004891281e-05,0.999846787812012
"ENSG00000075914.13","EXOSC7",-0.656020942630606,8.08664992359549e-06,0.96974805693343
"ENSG00000076003.5","MCM6",-1.55247919129937,9.23751954808343e-07,0.99550456859694
"ENSG00000077348.9","EXOSC5",-0.665805080869169,1.27980821279731e-05,0.952718913550296
"ENSG00000077380.15","DYNC1I2",0.258784460708905,2.5280974172736e-05,0.999560904192567
"ENSG00000077514.8","POLD3",-0.850191144974297,0.000240997833326627,0.999421837985789
"ENSG00000078142.13","PIK3C3",0.7250620525695,4.22298753466579e-08,0.847567033366586
"ENSG00000079134.12","THOC1",-0.349870579642295,0.000245846909896806,0.962147334235723
"ENSG00000079246.16","XRCC5",-0.477234270383796,4.22944653890526e-06,0.964450545551038
"ENSG00000079805.16","DNM2",0.154803341877139,0.00970696247750205,0.962086030995248
"ENSG00000080603.17","SRCAP",-0.562479895114098,2.10701128903196e-07,0.95678727417112
"ENSG00000082068.8","WDR70",0.288132243802721,5.00721423725973e-05,0.999999934700523
"ENSG00000082516.9","GEMIN5",-1.26256042979693,2.79728827395999e-06,0.995977094381761
"ENSG00000083520.15","DIS3",-0.407372398770492,2.47507150455166e-05,0.910237627529326
"ENSG00000083635.8","NUFIP1",-0.85677854411003,1.04654141149532e-06,0.870664954935911
"ENSG00000084072.16","PPIE",-0.169907975001487,0.00938087700606847,0.846110665940973
"ENSG00000084463.8","WBP11",-0.52308784018404,1.29965708665903e-05,0.963065296842478
"ENSG00000084623.11","EIF3I",-0.612084620923077,7.10031096481966e-07,0.999921822904468
"ENSG00000085231.14","AK6",-0.301426692615557,0.00150554230563261,0.939360969941099
"ENSG00000085415.16","SEH1L",-1.01216314543194,3.95569066575169e-07,0.964259602075726
"ENSG00000085721.12","RRN3",-0.485866398901056,2.17569352248371e-05,0.999999999999994
"ENSG00000085840.13","ORC1",-1.82923099178152,8.42846148892287e-07,0.966289177476519
"ENSG00000085872.15","CHERP",-0.668594201197954,1.47443458610059e-07,0.977001273879473
"ENSG00000086189.10","DIMT1",-0.780078525923704,2.31134918575598e-07,0.949681351942204
"ENSG00000086200.16","IPO11",-0.519386825266849,0.000250196352490147,0.959085960651886
"ENSG00000086589.12","RBM22",-0.165743173786021,0.00134102317960198,1
"ENSG00000087087.20","SRRT",-0.658910192628829,7.04700998535066e-06,0.933383330034355
"ENSG00000087157.19","PGS1",0.395773356851026,0.000176449609476358,0.880307620444487
"ENSG00000087191.13","PSMC5",-0.569499554608403,1.50613250300215e-07,0.975017726278916
"ENSG00000087269.16","NOP14",-1.11287123225792,2.74273306234649e-08,0.92950139797619
"ENSG00000087365.15","SF3B2",-0.376824500405567,7.50156720076995e-07,0.972773866403337
"ENSG00000087586.17","AURKA",-0.453282212221849,0.00414319373454921,0.975838290970911
"ENSG00000088205.13","DDX18",-0.806347307376484,9.03822414268066e-07,0.999998144234409
"ENSG00000088325.16","TPX2",-0.574745280760962,0.000353154845254732,0.948638212325559
"ENSG00000088356.6","PDRG1",-0.43846270482346,1.00569914796013e-06,0.999380908350182
"ENSG00000088930.8","XRN2",-0.225438350679176,0.00094469123942911,0.943578259176143
"ENSG00000089009.15","RPL6",-0.260216165538872,0.00429492394414299,0.999982871298314
"ENSG00000089048.14","ESF1",-0.758962433316908,2.07572056474914e-06,0.95763978366954
"ENSG00000089053.13","ANAPC5",-0.287595009674645,0.000226866622100256,0.998331796770904
"ENSG00000089289.16","IGBP1",0.862524804171722,1.43999558831802e-06,0.992308355820674
"ENSG00000089685.15","BIRC5",-0.77328725332257,7.33198820794784e-05,0.999973338870361
"ENSG00000089737.17","DDX24",-0.508090502559169,3.65407569797455e-06,0.958190541651577
"ENSG00000090061.17","CCNK",-0.266063992569059,9.25159577157874e-05,0.99768509386456
"ENSG00000090273.14","NUDC",-0.808580739434969,1.53975776776391e-06,0.954569901646278
"ENSG00000090470.15","PDCD7",-0.339765222770179,0.000961003303421747,0.946084119928377
"ENSG00000090861.15","AARS1",0.454808096795924,0.000288211435595576,0.999982165693159
"ENSG00000091651.9","ORC6",-1.62047115931623,1.8268467752104e-07,0.995945573737909
"ENSG00000092094.11","OSGEP",-0.58011153746476,6.79106797103845e-07,0.961903861159196
"ENSG00000092201.10","SUPT16H",-0.746251571785615,6.12145233073203e-06,0.999930642062263
"ENSG00000092330.17","TINF2",0.243272401485647,8.25202385790189e-05,0.990165704961265
"ENSG00000092531.10","SNAP23",0.730923143859193,2.97887667697919e-05,0.921174760720163
"ENSG00000092853.14","CLSPN",-1.96349148156382,4.30437604711803e-07,0.935170799233024
"ENSG00000093000.19","NUP50",-0.784720975723746,3.19532342052205e-09,0.91655098959275
"ENSG00000093009.9","CDC45",-2.02193536626173,9.11113203687158e-08,1
"ENSG00000094804.11","CDC6",-1.55769195991422,1.57934854177061e-06,0.996526519352346
"ENSG00000095139.14","ARCN1",-0.16852335633642,0.00378633103623203,0.978955879265923
"ENSG00000095906.17","NUBP2",-0.300287769181227,0.000729219087263849,0.915065172062794
"ENSG00000097046.13","CDC7",-0.918268422668576,1.16495542524728e-05,1
"ENSG00000099194.6","SCD",1.67556867164595,1.16418453549996e-08,0.940255640028798
"ENSG00000099341.11","PSMD8",-0.470399256316937,2.51592202947921e-07,0.980740855467428
"ENSG00000099381.18","SETD1A",-0.429693039348404,1.41493632472784e-05,0.934200585631018
"ENSG00000099783.12","HNRNPM",-0.367945153981529,3.48916121231322e-05,0.953542825627082
"ENSG00000099800.8","TIMM13",-0.72305187850153,1.09572428975135e-07,0.924579401831915
"ENSG00000099817.12","POLR2E",-0.346168325700275,0.00171810233954234,0.999999999999978
"ENSG00000099956.19","SMARCB1",-0.213491732686298,0.00136850294153756,0.90225606074004
"ENSG00000099995.19","SF3A1",-0.510555510735971,3.36889304469291e-08,1
"ENSG00000100023.19","PPIL2",0.312521869007628,7.89189967452874e-06,0.972518501361158
"ENSG00000100029.18","PES1",-0.90074169978529,6.0176844580361e-07,0.971063383244884
"ENSG00000100084.14","HIRA",-0.423533699977656,0.000517607219293957,0.858782893613223
"ENSG00000100138.15","SNU13",-0.755383529314078,3.91931114398198e-10,1
"ENSG00000100142.15","POLR2F",-0.388370571202139,0.00162916288598049,0.999994710280822
"ENSG00000100216.6","TOMM22",-0.482221962321995,2.71392422546423e-06,0.960266206456862
"ENSG00000100220.12","RTCB",-0.218899554715936,5.45081679832434e-05,0.852374775729305
"ENSG00000100296.13","THOC5",-0.611392115295856,7.31347961099559e-10,0.974620562468225
"ENSG00000100297.16","MCM5",-1.62283900170384,7.50156720076995e-07,0.986591639815634
"ENSG00000100319.12","ZMAT5",0.431698215341817,0.000306384373218848,0.967587816938206
"ENSG00000100353.18","EIF3D",-0.374565937462715,4.85927945112566e-06,0.988313153650823
"ENSG00000100380.14","ST13",0.283295062503138,5.5804580852761e-06,0.936035134114273
"ENSG00000100401.19","RANGAP1",-0.855436219763538,2.65008476983981e-06,0.999598294245829
"ENSG00000100410.8","PHF5A",-0.802630053716787,9.05665171074045e-09,1
"ENSG00000100413.17","POLR3H",-0.790727174966583,2.6468763412663e-05,0.99538580168057
"ENSG00000100462.16","PRMT5",-0.784508848060816,4.20206908614366e-07,0.976392361197774
"ENSG00000100479.13","POLE2",-1.47773914187251,1.07672015857971e-05,0.997798436455765
"ENSG00000100519.12","PSMC6",-0.287649000894001,0.00162900145769685,0.999992372714488
"ENSG00000100567.13","PSMA3",-0.272015155292496,0.00638872141840326,1
"ENSG00000100632.11","ERH",-0.393423569914076,0.000148273496006459,1
"ENSG00000100664.11","EIF5",-0.574453429388909,1.31377911232379e-07,0.999986300661814
"ENSG00000100726.15","TELO2",-0.988271921232064,1.54089399643472e-08,0.90231569135131
"ENSG00000100764.14","PSMC1",-0.539692570925097,1.82362262189913e-06,0.971993735793837
"ENSG00000100804.18","PSMB5",-0.304869092581445,0.000140486117656153,0.994678867332321
"ENSG00000100865.15","CINP",-0.34560918270436,0.000313858442052655,0.950837253810989
"ENSG00000100941.9","PNN",-0.346443244511272,0.00479652969018067,0.953088804249119
"ENSG00000101003.10","GINS1",-1.34426579424809,5.13712394080534e-06,1
"ENSG00000101146.13","RAE1",-0.474876294331479,1.7498739427102e-06,0.975145392369135
"ENSG00000101161.8","PRPF6",-0.153618191576886,0.00663278370041106,0.997964197478829
"ENSG00000101166.16","PRELID3B",-0.376195048244174,7.51742585413779e-06,0.999969181309011
"ENSG00000101182.15","PSMA7",-0.536520210316288,1.20241959653273e-06,1
"ENSG00000101361.17","NOP56",-1.39856533554407,1.89822428329938e-07,0.997364979600851
"ENSG00000101407.13","TTI1",-0.705217342551073,8.07209351444849e-06,0.939874029856186
"ENSG00000101444.13","AHCY",-0.542013703547529,0.000175132794281722,0.861978470589036
"ENSG00000101654.17","RNMT",0.219680025057736,0.0043805677898191,0.975318518004707
"ENSG00000101773.19","RBBP8",-0.619032111022741,0.00701299403451196,0.882240439757104
"ENSG00000101868.10","POLA1",-1.07696955783636,1.77127482198171e-07,0.92823001685281
"ENSG00000101882.10","NKAP",0.327211155803853,2.62313904056795e-05,0.949585335906659
"ENSG00000102030.16","NAA10",-0.76917255180432,7.77567484826588e-08,0.982917136814934
"ENSG00000102144.15","PGK1",-0.227613312958895,0.00178441559020401,0.921317559782659
"ENSG00000102898.12","NUTF2",-0.354431076218576,8.29837612580232e-05,0.99999999788494
"ENSG00000102900.13","NUP93",-0.738744601208385,1.41851309019497e-05,0.999999999999989
"ENSG00000102974.16","CTCF",-0.203065832348416,0.00133479291168437,0.999932424305544
"ENSG00000102978.13","POLR2C",-0.482170359507423,3.26786032100505e-08,1
"ENSG00000103035.11","PSMD7",-0.398757629929989,1.69860571916604e-05,0.998542352059246
"ENSG00000103047.8","TANGO6",-0.492087970305673,0.000237044915525743,0.9868315099296
"ENSG00000103194.15","USP10",-0.620918130786611,5.01010617107904e-08,0.944778615075586
"ENSG00000103274.11","NUBP1",-0.352583404458093,5.45910918398892e-05,0.966309765566766
"ENSG00000103275.20","UBE2I",-0.400253409564186,5.32457498702533e-07,0.999686000361591
"ENSG00000103342.13","GSPT1",-0.614786731505547,2.25516710296534e-07,0.999483464887513
"ENSG00000103423.14","DNAJA3",-0.697923869092813,4.94336006874007e-08,0.932329496733389
"ENSG00000103510.20","KAT8",0.229000411387323,0.00434727336842906,0.999797508591301
"ENSG00000104356.11","POP1",-1.35484985654291,1.7399257691166e-09,0.909586089783624
"ENSG00000104738.17","MCM4",-1.55635066065478,5.69164832731912e-07,0.982331848345957
"ENSG00000104824.17","HNRNPL",-0.773107885299186,1.71315648403677e-08,0.978107013866866
"ENSG00000104852.15","SNRNP70",-0.365383763778104,0.000630608663999324,0.995920052762451
"ENSG00000104897.10","SF3A2",-0.449135362748511,3.06417674610464e-06,0.999917862877871
"ENSG00000104980.8","TIMM44",-0.452294975819314,3.42187879510532e-05,0.915253334621855
"ENSG00000105058.12","FAM32A",0.179839560442887,0.00240826459751972,0.91168890867242
"ENSG00000105085.10","MED26",-0.33791932799342,0.000458699259938184,0.891529529456203
"ENSG00000105176.18","URI1",-0.359631182714063,0.000132236171513117,0.998976428027356
"ENSG00000105193.9","RPS16",-0.302185670383868,0.00614920246896086,0.999988560402693
"ENSG00000105202.9","FBL",-0.990749819314297,2.74812459436086e-07,0.999833381372212
"ENSG00000105258.9","POLR2I",-0.557654937410924,7.46000631343258e-05,0.999997880784952
"ENSG00000105298.14","CACTIN",-0.322155875635677,8.92014874024445e-05,0.996848285096969
"ENSG00000105373.19","NOP53",0.34007713480604,0.00573139046570356,0.898406412888629
"ENSG00000105401.9","CDC37",-0.585555472794187,3.3473017084398e-09,0.982516743195755
"ENSG00000105402.8","NAPA",0.359768904030427,0.000254050020152233,0.999956309195997
"ENSG00000105447.12","GRWD1",-1.13201538382837,1.33101392643706e-07,0.87491462069143
"ENSG00000105618.14","PRPF31",-0.376951639251924,2.84188850931539e-06,1
"ENSG00000105671.12","DDX49",-0.396483375609456,3.88328269284216e-05,0.989676130662893
"ENSG00000105819.14","PMPCB",0.255800864621916,0.000510706016500542,0.977396564993719
"ENSG00000105849.6","POLR1F",-0.774723009931794,7.45676940744032e-08,0.995387439238539
"ENSG00000106105.14","GARS1",-0.525994316833904,1.88783216317725e-05,0.999990068628803
"ENSG00000106244.13","PDAP1",-0.65488409844801,1.55129948785462e-08,0.920859399439426
"ENSG00000106245.11","BUD31",-0.154058607779137,0.00752075393609406,1
"ENSG00000106263.18","EIF3B",-0.95012290114115,3.39400048875605e-08,0.999991955417384
"ENSG00000106344.8","RBM28",-0.800628707123421,1.97174436705082e-08,0.780366041578997
"ENSG00000106355.10","LSM5",-0.470672025333071,0.000216950546789593,0.981073887777365
"ENSG00000106459.15","NRF1",-0.507004576929953,0.000175964841900365,0.996817634146505
"ENSG00000106628.10","POLD2",-0.568911292437884,0.000164067596647298,0.990549004506668
"ENSG00000106636.8","YKT6",-0.409070897889027,8.27331024830277e-07,0.995999052696973
"ENSG00000107371.13","EXOSC3",-0.807060337215441,3.55851372871002e-08,0.954376203462268
"ENSG00000107581.13","EIF3A",-0.402923301232061,3.6458520510232e-06,0.996651635674331
"ENSG00000107937.19","GTPBP4",-1.04292435560937,6.52728538505585e-08,0.999079816790759
"ENSG00000108055.9","SMC3",-0.575368431684181,1.1097155781162e-06,0.95460603870597
"ENSG00000108344.15","PSMD3",-0.5100313112235,1.64662969377549e-06,0.99962657559321
"ENSG00000108384.15","RAD51C",-0.483893096155291,0.00289730846450944,0.919546615013193
"ENSG00000108424.10","KPNB1",-0.679217780510897,1.6607980280099e-05,1
"ENSG00000108433.16","GOSR2",-0.284530059201735,0.000105667543781923,0.923487289722902
"ENSG00000108506.12","INTS2",-0.258513494005247,0.00357910599063303,0.948066009832029
"ENSG00000108559.12","NUP88",-0.367379294442227,0.000448487314230574,0.984319244822943
"ENSG00000108592.17","FTSJ3",-0.62161236666498,6.93448168279464e-06,0.963907134073647
"ENSG00000108651.10","UTP6",-0.57553718559084,6.15261910851633e-07,0.937425862144657
"ENSG00000108654.14","DDX5",-0.363693811711005,0.000153323640558028,0.859354227531576
"ENSG00000108671.11","PSMD11",-0.739483347092139,4.67911304833388e-08,0.999287160551289
"ENSG00000108883.13","EFTUD2",-0.67790300873173,1.03879331908027e-07,0.9999479572521
"ENSG00000109111.15","SUPT6H",-0.284743190593408,4.85973907986448e-05,0.999986979717945
"ENSG00000109519.13","GRPEL1",-0.97441133010039,1.10103004227543e-07,0.97157122999354
"ENSG00000109606.13","DHX15",-0.443634822687801,3.53006531342201e-05,0.999983270394364
"ENSG00000109805.10","NCAPG",-1.00945194083801,1.82851616352436e-06,0.988707308496942
"ENSG00000109917.11","ZPR1",-0.876821570313604,3.40118215395726e-09,0.991172515703783
"ENSG00000110092.3","CCND1",-1.69883021960911,6.50452132435571e-07,0.957737361066766
"ENSG00000110107.9","PRPF19",-0.737048305776195,8.68542775750098e-07,1
"ENSG00000110367.13","DDX6",-0.188854954819928,0.00337391887581398,0.947287602918608
"ENSG00000110713.17","NUP98",-0.5836618755162,1.75910698254853e-07,0.883138236821552
"ENSG00000110921.14","MVK",1.34263046210066,1.01735932488219e-07,0.962745058989941
"ENSG00000111229.16","ARPC3",0.176665896232806,0.00306095156543004,0.960181817513924
"ENSG00000111231.9","GPN3",-0.569194989941261,0.000605317439095403,1
"ENSG00000111300.10","NAA25",-0.686077362913348,2.44724860020781e-06,0.837049466251496
"ENSG00000111358.14","GTF2H3",-0.497376218474647,1.68755991703069e-05,0.880642276174653
"ENSG00000111361.12","EIF2B1",-0.410994258427191,1.75224966879608e-06,0.959977895213088
"ENSG00000111364.16","DDX55",-0.7862059621614,2.3271120243715e-06,0.974621897926834
"ENSG00000111445.14","RFC5",-1.16664920422896,5.95230038610813e-06,0.991876994894421
"ENSG00000111581.10","NUP107",-0.743571152968199,2.39067528836117e-06,0.930793202103046
"ENSG00000111602.12","TIMELESS",-0.765096611250639,0.000297737403495484,0.999985271340182
"ENSG00000111605.18","CPSF6",-0.356462762579917,3.15748302643878e-06,0.954801744970787
"ENSG00000111615.14","KRR1",-0.837027225870052,5.55472555690797e-08,0.989165052906341
"ENSG00000111640.15","GAPDH",-0.529945455648692,0.000106049126738341,0.961949348931573
"ENSG00000111641.11","NOP2",-1.17972001932615,9.50492211317054e-08,0.974686612522862
"ENSG00000111642.15","CHD4",-0.478260709394322,0.000406558569229489,0.957525514746468
"ENSG00000111669.15","TPI1",-0.498994254366002,0.000224802250633816,0.944671658281313
"ENSG00000111775.3","COX6A1",0.241006475383668,0.000102271980518484,0.867979680753416
"ENSG00000111845.5","PAK1IP1",-1.03920171679884,1.36319449035975e-06,0.950884113552513
"ENSG00000111880.16","RNGTT",-0.284281771434371,0.000924579829618042,1
"ENSG00000112029.10","FBXO5",-1.20962268823537,4.81989475934998e-08,0.972656151086796
"ENSG00000112081.17","SRSF3",-0.372863469821842,0.00318111461472805,1
"ENSG00000112118.19","MCM3",-1.42475975371533,1.50639887864448e-06,0.975005740614151
"ENSG00000112159.12","MDN1",-0.943606422570638,1.35823560240891e-06,0.99838052135465
"ENSG00000112312.10","GMNN",-0.874651287603208,1.07954246622117e-05,0.831948195321466
"ENSG00000112578.10","BYSL",-1.13773810840857,1.30758850248418e-07,0.987264448440432
"ENSG00000112592.14","TBP",-0.385339144552498,4.22968387312124e-07,0.940246167373196
"ENSG00000112972.15","HMGCS1",2.25068172833389,1.94732343732072e-07,0.999528971787882
"ENSG00000113013.14","HSPA9",-0.736909108698865,5.60378291443909e-07,0.999991953259159
"ENSG00000113141.18","IK",0.251887865058382,0.000791890437632842,0.999299022789924
"ENSG00000113161.16","HMGCR",1.5568153483705,2.2058916428857e-08,0.959565282265009
"ENSG00000113407.13","TARS1",-0.425303315551683,0.000875020726154559,0.99999999999066
"ENSG00000113460.12","BRIX1",-1.16906019082029,3.34869945890144e-08,0.972577131753466
"ENSG00000113558.18","SKP1",0.227233458363047,0.000652775132264278,0.983931581206302
"ENSG00000113569.16","NUP155",-1.15415103204779,2.60096138236106e-08,0.936377805513098
"ENSG00000113575.10","PPP2CA",-0.392623032228955,9.87052637221907e-08,0.942963269637738
"ENSG00000113643.9","RARS1",-0.345959039755517,1.73756032152877e-05,0.936338555950684
"ENSG00000113810.16","SMC4",-0.663047485521057,7.60608116862403e-05,0.999808595345466
"ENSG00000114127.10","XRN1",0.718519347137188,0.000442134103275776,0.867091997936017
"ENSG00000114346.13","ECT2",-0.83047184780951,1.77060489639729e-06,0.973166242547823
"ENSG00000114503.11","NCBP2",-0.368693011898603,0.0002661949805768,1
"ENSG00000114767.7","RRP9",-1.36734605269145,4.75658313910864e-08,0.944922720180996
"ENSG00000114867.20","EIF4G1",-0.714268162522723,2.08501878606687e-07,0.944697286491573
"ENSG00000114942.14","EEF1B2",-0.456871704301484,0.000570022728402474,0.945474284511186
"ENSG00000115053.16","NCL",-1.17980564613553,2.93747546793077e-07,0.866890019953546
"ENSG00000115128.7","SF3B6",-0.259206276180178,0.0033987260036959,0.999710347233613
"ENSG00000115207.13","GTF3C2",-0.331022663343961,0.000554556935421214,0.93651819448645
"ENSG00000115216.14","NRBP1",0.246310935483241,8.47413631844903e-05,0.963267248409077
"ENSG00000115233.12","PSMD14",-0.772452335406419,5.80942803322387e-08,0.99884995181286
"ENSG00000115368.10","WDR75",-0.714872123966618,6.03599619187821e-08,0.972059233937602
"ENSG00000115484.15","CCT4",-0.532291303897175,4.47216450821599e-07,0.999991048763233
"ENSG00000115524.16","SF3B1",0.111031566909566,0.00723511145935242,0.997378561374168
"ENSG00000115540.15","MOB4",-0.255771724711343,0.000113585488475846,0.965759863321646
"ENSG00000115541.11","HSPE1",-0.565907864445673,7.13743940663121e-05,1
"ENSG00000115561.16","CHMP3",0.19228420754539,0.00128153601267012,0.941021987400825
"ENSG00000115685.15","PPP1R7",0.276239129747426,6.455857614176e-05,0.886279820230939
"ENSG00000115750.17","TAF1B",-0.311960127493619,0.0012088190678419,0.920405055898588
"ENSG00000115761.16","NOL10",-0.69585201652977,2.39389315878035e-08,0.987015935225601
"ENSG00000115816.15","CEBPZ",-0.654647872820689,7.2844457739325e-07,0.949193062672971
"ENSG00000115866.11","DARS1",-0.244119813303741,6.77508001967403e-05,0.999695288845122
"ENSG00000115875.19","SRSF7",-0.654651885894398,2.38477229951359e-05,1
"ENSG00000115946.8","PNO1",-1.13260712911178,1.210888066089e-07,0.878778065232003
"ENSG00000115947.13","ORC4",0.305140553422773,0.000216950546789593,0.811479800463378
"ENSG00000116120.10","FARSB",-1.28406006101344,2.11311932596721e-08,0.999835693768855
"ENSG00000116455.14","WDR77",-1.10476091340513,1.86296293618484e-07,0.995212695258864
"ENSG00000116560.11","SFPQ",-0.459639576134981,2.62009028383017e-05,0.999999455074339
"ENSG00000116670.15","MAD2L2",-0.497189530902643,3.06184034616417e-06,0.878813315084438
"ENSG00000116752.6","BCAS2",-0.210114253650198,0.00343217142826442,0.959560500776658
"ENSG00000116922.14","C1orf109",-0.747914306299025,5.3219946953051e-06,0.959118700281412
"ENSG00000117133.11","RPF1",-0.436392971091802,2.62589318279125e-07,0.933690159282059
"ENSG00000117222.14","RBBP5",-0.372892134136767,8.43539433436365e-06,0.96095443239955
"ENSG00000117360.13","PRPF3",-0.253547098376274,0.00455383441938543,0.955780945211744
"ENSG00000117395.12","EBNA1BP2",-1.27106894336205,6.91476582439864e-10,0.928830162574726
"ENSG00000117399.14","CDC20",-0.72151326942143,0.000240000582899518,0.999999999999976
"ENSG00000117505.13","DR1",-0.25985843286488,0.000115591244253218,0.926212255049282
"ENSG00000117597.18","UTP25",-0.464758243615065,1.68331215287795e-05,0.93253351078417
"ENSG00000117614.10","SYF2",0.596614382820105,4.14029890711068e-06,0.930289408192909
"ENSG00000117748.10","RPA2",-0.739616712158385,1.08897284261787e-05,0.999980142770126
"ENSG00000117751.18","PPP1R8",-0.384237781431803,4.6015392358758e-06,0.967401853818631
"ENSG00000118363.12","SPCS2",0.227362096940537,0.000424709683583918,0.972549807808675
"ENSG00000118579.13","MED28",0.326809195199787,0.0001196225770832,0.991691499167482
"ENSG00000118894.14","EEF2KMT",-1.23262904780806,5.8333717145903e-07,0.993946510201729
"ENSG00000119013.9","NDUFB3",0.216434091037034,0.00268212525248287,0.901376552510987
"ENSG00000119203.14","CPSF3",-0.409467371822698,1.22968598286384e-05,0.996556101494782
"ENSG00000119285.11","HEATR1",-0.716810280049984,4.72297718634453e-07,0.992628495374178
"ENSG00000119707.14","RBM25",-0.546101918191293,4.21666513662744e-07,0.986871356098481
"ENSG00000119718.11","EIF2B2",-0.611607932036812,4.5006781463585e-08,0.999567711436348
"ENSG00000119720.18","NRDE2",0.246132725808251,0.00254439266908723,0.945098165731708
"ENSG00000119801.13","YPEL5",1.51652308271559,3.63447588956273e-07,0.905289936385535
"ENSG00000119953.12","SMNDC1",-0.227761278470507,0.00265594436000784,0.939373158983375
"ENSG00000120071.14","KANSL1",0.398224388641953,1.27758209656517e-07,0.95708698979855
"ENSG00000120158.12","RCL1",-0.928534919355267,1.96165042448965e-07,0.954125097857766
"ENSG00000120253.14","NUP43",-0.474354911224283,3.80251308070801e-05,0.942034144261035
"ENSG00000120314.18","WDR55",-0.318128424609762,8.57428988638118e-05,0.95785356786458
"ENSG00000120438.12","TCP1",-0.663486294698449,4.89290045418109e-08,0.999464122646872
"ENSG00000120539.14","MASTL",-0.559800763845607,0.00655804741303097,0.999390303158568
"ENSG00000120699.13","EXOSC8",-0.636588640627187,3.88010666729271e-06,0.953509745665285
"ENSG00000120705.13","ETF1",-0.800138461392,1.48711588098384e-08,1
"ENSG00000120800.5","UTP20",-1.1526823205842,1.04115704220389e-07,0.988202014363288
"ENSG00000120948.17","TARDBP",-0.30150392583899,0.00188260525980348,0.933269582630562
"ENSG00000121152.10","NCAPH",-1.07232290635945,5.50230704114854e-06,0.940782498771992
"ENSG00000121579.13","NAA50",-0.775660627010914,5.83815527544154e-07,0.989865331933055
"ENSG00000121743.4","GJA3",-0.777015676359693,0.000442654083139503,0.840543369713915
"ENSG00000122034.15","GTF3A",-0.395433666506711,0.00108323689070995,0.920389326992534
"ENSG00000122692.9","SMU1",-0.144100591364456,0.00334685144447203,1
"ENSG00000122882.10","ECD",-0.25797672177032,0.00045820826977048,0.999999708403229
"ENSG00000122965.11","RBM19",-0.62242696513384,5.01010617107904e-08,0.960878119337655
"ENSG00000123064.12","DDX54",-0.846346096996407,1.43584612359818e-08,0.986580275750385
"ENSG00000123219.13","CENPK",-0.800488015031359,4.52406644285738e-05,0.997994449652794
"ENSG00000123349.14","PFDN5",0.292143760367528,0.000216950546789593,0.778557974862932
"ENSG00000123374.11","CDK2",-1.01884204320734,7.25092151007975e-08,0.810964345510961
"ENSG00000123416.15","TUBA1B",-0.851648008656041,0.000582771181157601,0.934767305824408
"ENSG00000123473.15","STIL",-0.670997376597871,4.51600896396728e-05,0.915304937078596
"ENSG00000123485.12","HJURP",-1.2494647737731,8.18009059288186e-08,0.944207755013252
"ENSG00000123737.12","EXOSC9",-1.18051365122255,1.80503262407048e-09,0.916983528887604
"ENSG00000124207.17","CSE1L",-0.94573979955692,4.34211297062279e-06,0.999999987139182
"ENSG00000124217.4","MOCS3",-0.253596603179573,0.000628433175344696,0.829815205905352
"ENSG00000124228.14","DDX27",-0.301983153752885,5.67813960325252e-05,0.906303852044654
"ENSG00000124383.9","MPHOSPH10",-0.529381826723138,4.95612069144698e-06,0.999735588405239
"ENSG00000124562.10","SNRPC",-0.252235551447585,0.00711850146203262,0.96338178126609
"ENSG00000124635.8","H2BC11",0.680593211312896,0.00267982744270509,1
"ENSG00000124659.6","TBCC",0.305807362029339,0.00123700774737184,0.926428386510526
"ENSG00000124784.9","RIOK1",-0.858212757074324,2.37505201856519e-07,0.965542056004551
"ENSG00000124787.13","RPP40",-0.775536789847619,3.04579556965399e-06,0.95715508426273
"ENSG00000124789.11","NUP153",-0.863195724141409,1.49731340246157e-07,0.910416087779517
"ENSG00000125450.11","NUP85",-0.820375876077594,4.45148189126686e-06,0.998705340179079
"ENSG00000125459.15","MSTO1",-0.684992717658971,3.87731614197125e-07,0.903917360359491
"ENSG00000125630.15","POLR1B",-1.26384817447151,2.06680256364913e-08,0.982606382448636
"ENSG00000125651.14","GTF2F1",-0.174306901139627,0.00170559985474025,0.892915649669716
"ENSG00000125686.12","MED1",-0.36652949523194,5.28112912559931e-06,0.907405080337818
"ENSG00000125835.18","SNRPB",-0.855241663253011,6.45126989213994e-08,1
"ENSG00000125971.16","DYNLRB1",0.293386448637732,0.00327357686223448,0.999191225397752
"ENSG00000125977.7","EIF2S2",-0.411215757263032,1.30744486769327e-07,0.99997156896028
"ENSG00000126067.12","PSMB2",-0.534567536689176,3.80932449059335e-06,0.999999999999867
"ENSG00000126216.15","TUBGCP3",-0.75463974968188,2.45119673508702e-07,0.977277541186284
"ENSG00000126226.21","PCID2",-0.356465648656709,9.81994048254182e-06,0.967450754522573
"ENSG00000126254.12","RBM42",-0.218723626916011,0.00225218922761713,0.776054529838436
"ENSG00000126261.13","UBA2",-0.787395961865972,1.00633159330497e-08,0.976094131725418
"ENSG00000126457.21","PRMT1",-0.751483218130594,3.94604204973982e-07,0.969509632259605
"ENSG00000126524.10","SBDS",-0.702426587589583,3.74064775599504e-09,0.997482648010078
"ENSG00000126698.11","DNAJC8",-0.247209512928721,0.00449293519531755,0.962500427825565
"ENSG00000126814.6","TRMT5",-0.3079855217116,0.000112019349959878,0.873603514151501
"ENSG00000126883.17","NUP214",-0.383310477708342,4.60407220355299e-05,0.997789380690321
"ENSG00000126953.7","TIMM8A",-1.06311954831621,5.61275483925721e-06,0.925979982590865
"ENSG00000127054.20","INTS11",-0.267365880189703,7.90769847249002e-05,0.999995115478516
"ENSG00000127314.18","RAP1B",-0.479788180894225,0.000266278187360024,0.868455958800261
"ENSG00000127337.7","YEATS4",-0.335997797732479,0.000277240034236375,0.876262955971751
"ENSG00000127481.15","UBR4",-0.332501122328678,0.00497990186036641,0.934699703757791
"ENSG00000127564.17","PKMYT1",-1.64314133075736,2.64282464982612e-06,0.979219229064234
"ENSG00000127837.9","AAMP",-0.220212911166038,0.00128209843717006,0.946069113359586
"ENSG00000127993.16","RBM48",0.246626635683068,0.00263469839770691,0.85929187224391
"ENSG00000128159.12","TUBGCP6",0.487693490649604,4.8468641681829e-06,0.884198208851445
"ENSG00000128951.14","DUT",-0.734769811445893,0.000115077096689272,1
"ENSG00000129083.12","COPB1",0.256647111678682,7.94154548203309e-05,0.999995114914185
"ENSG00000129084.17","PSMA1",-0.328868410647567,5.26006105482318e-05,1
"ENSG00000129128.13","SPCS3",-0.219768561295222,0.00189359709840793,0.94079549300775
"ENSG00000129351.17","ILF3",-0.687522310058352,5.09280495419737e-08,0.93282265773748
"ENSG00000129460.16","NGDN",-0.359592953695324,0.000215681111842054,0.924146132326776
"ENSG00000129810.15","SGO1",-0.581802503193598,0.000277341435435154,0.965728276986036
"ENSG00000130119.16","GNL3L",-0.787049650660524,5.21618364196134e-09,0.962086893155351
"ENSG00000130204.13","TOMM40",-1.64995014868872,6.93095468012844e-09,0.978307445134042
"ENSG00000130332.15","LSM7",-0.366845048529866,0.000481232211485865,0.999998628154444
"ENSG00000130520.10","LSM4",-0.322562413992802,0.000965818102806017,0.999999756826662
"ENSG00000130640.13","TUBGCP2",-0.483841475269317,1.13332083485537e-07,0.972852724791979
"ENSG00000130713.16","EXOSC2",-1.00819779950077,1.1559669502688e-07,0.959052879338187
"ENSG00000130725.7","UBE2M",-0.586612502805066,2.38859802102851e-07,0.971289858903043
"ENSG00000130741.11","EIF2S3",-0.366134299605888,4.14821694446974e-06,0.985662201319462
"ENSG00000130772.14","MED18",0.291896949338991,0.000788397994113724,0.962161288916993
"ENSG00000130810.20","PPAN",-1.11145493284005,1.13332083485537e-07,0.976316633549256
"ENSG00000130811.12","EIF3G",-0.33920544643613,1.55896780359328e-06,0.986076105706884
"ENSG00000130826.18","DKC1",-1.35142362664401,9.97233107064658e-08,0.968365608435302
"ENSG00000130935.10","NOL11",-0.668867500611721,4.81663040268568e-07,0.932487276916907
"ENSG00000130985.17","UBA1",-0.210214516657086,7.11051126196932e-05,1
"ENSG00000131051.22","RBM39",0.159920530404255,0.00730457486390285,0.999989314418356
"ENSG00000131100.13","ATP6V1E1",0.545493234084833,0.000425746100544035,0.999520908733168
"ENSG00000131153.9","GINS2",-1.59479423241794,6.38883577066653e-06,0.999996698190121
"ENSG00000131174.6","COX7B",0.514589979139081,5.21899066605299e-06,0.888008359873302
"ENSG00000131351.15","HAUS8",-0.828591258389997,4.58888013053188e-06,0.970560402864157
"ENSG00000131462.8","TUBG1",-1.01340682826899,2.52369916039098e-06,0.980806893002303
"ENSG00000131475.7","VPS25",-0.224954583404543,0.0004759378305636,0.999984275952973
"ENSG00000131876.17","SNRPA1",-0.716771340270371,2.81788905255768e-05,1
"ENSG00000131966.14","ACTR10",0.372411055464194,2.56041358972205e-06,0.972352655730963
"ENSG00000132313.15","MRPL35",-0.313807223772775,0.000137519911712521,0.879551696430927
"ENSG00000132341.12","RAN",-0.711046444748309,1.55189577013762e-06,1
"ENSG00000132382.14","MYBBP1A",-1.41425846114016,4.96485095547097e-08,0.93349679687743
"ENSG00000132383.11","RPA1",-0.485672118036257,0.000596340754707495,1
"ENSG00000132507.18","EIF5A",-0.940347070509938,5.69821838661741e-07,0.886364191398698
"ENSG00000132603.15","NIP7",-1.28875957701087,1.09703736880661e-08,0.999856570927264
"ENSG00000132646.11","PCNA",-1.51437974568204,9.22382640884051e-08,1
"ENSG00000132664.12","POLR3F",-0.582630297305934,1.27103997536724e-07,0.995879303139025
"ENSG00000132792.19","CTNNBL1",-0.175199282552869,0.00553139130767367,0.919099081756797
"ENSG00000132912.12","DCTN4",0.249745922273962,0.000109176977126594,0.930288421358176
"ENSG00000133119.13","RFC3",-1.50311805564124,9.38160887288351e-08,0.990212729713395
"ENSG00000133226.17","SRRM1",-0.400615928930689,7.54673529639852e-05,0.949286825476113
"ENSG00000133316.15","WDR74",-0.886531675398635,1.99199334797042e-07,0.999979026232387
"ENSG00000133703.11","KRAS",0.222890733862335,0.00591507330003189,0.984390876068776
"ENSG00000133706.18","LARS1",-0.227092897090445,0.00275929183702544,0.995744318573762
"ENSG00000133773.12","CCDC59",-0.482704303279307,2.83685654913851e-06,0.8873141575618
"ENSG00000134001.13","EIF2S1",-0.91958594110199,4.69620725618871e-08,1
"ENSG00000134186.12","PRPF38B",-0.237034520577736,0.00134816725693605,1
"ENSG00000134453.16","RBM17",-0.461050388213715,8.30284810017811e-07,0.971606211664165
"ENSG00000134480.15","CCNH",-0.529235578820108,4.34934080823235e-06,0.941098010010973
"ENSG00000134597.16","RBMX2",-0.219805349225477,0.00128921153248462,0.966039141005466
"ENSG00000134684.10","YARS1",-0.469058778959141,0.000248722874478379,0.999967544290137
"ENSG00000134690.11","CDCA8",-0.81047814127982,0.000117224861952786,0.999208128509133
"ENSG00000134697.13","GNL2",-0.867368346538342,1.49762146189164e-08,0.968540330128852
"ENSG00000134748.13","PRPF38A",-0.26962158614292,0.000146489259738827,1
"ENSG00000134809.9","TIMM10",-0.75173372762604,7.01618039820237e-06,0.942774309437311
"ENSG00000134987.11","WDR36",-0.803043712899277,3.86155308937351e-07,0.853853900004568
"ENSG00000135116.9","HRK",1.67461676593263,0.00363819220932534,0.931485504105212
"ENSG00000135249.8","RINT1",-0.409393880181075,2.3632172374303e-06,0.900565541072768
"ENSG00000135334.9","AKIRIN2",-0.278964244040158,0.00669606475324111,0.967920937554102
"ENSG00000135372.9","NAT10",-0.94929505546897,3.18695512371769e-06,0.956755803346664
"ENSG00000135476.11","ESPL1",-0.674175587677379,0.000150296387895313,0.999999796854352
"ENSG00000135521.9","LTV1",-0.9441450182449,9.86158847914691e-06,0.922787305828697
"ENSG00000135624.16","CCT7",-0.578997720841463,2.27673057148512e-07,0.998699960933966
"ENSG00000135763.10","URB2",-1.53712676855687,9.06575014297638e-08,0.864966683004754
"ENSG00000135829.17","DHX9",-0.52932885050846,1.14118235075565e-05,0.938886891334592
"ENSG00000135913.11","USP37",-0.604084465056708,0.000123285342264104,0.905193735992575
"ENSG00000136045.12","PWP1",-0.570638099582117,8.88510219080987e-06,0.887934374246591
"ENSG00000136146.14","MED4",-0.219495541925137,0.0039297607889318,0.983413372589464
"ENSG00000136152.15","COG3",0.38282704856001,0.000604226356296692,0.873203038982349
"ENSG00000136271.10","DDX56",-0.893315309147358,6.55258870797607e-08,1
"ENSG00000136450.13","SRSF1",-0.604208493030685,2.37588690985783e-08,0.999630655289487
"ENSG00000136518.17","ACTL6A",-0.437239544476758,4.86093226953136e-05,0.991616762973393
"ENSG00000136628.18","EPRS1",-0.182611068912722,0.0047959474270972,0.998639667094806
"ENSG00000136709.12","WDR33",-0.316973419918979,1.7754818287499e-05,0.986891075600353
"ENSG00000136710.10","CCDC115",0.856750393149526,3.71825288088838e-10,0.920995501881633
"ENSG00000136718.9","IMP4",-0.933894633115338,1.26526753547469e-07,0.953713859141951
"ENSG00000136810.13","TXN",-0.519221674938942,0.000646418541135108,0.965760692781656
"ENSG00000136824.19","SMC2",-0.608685267605402,0.000123552389541396,0.984638045439315
"ENSG00000136875.12","PRPF4",-0.977739000529566,6.99610404274614e-07,0.96971920517404
"ENSG00000136891.14","TEX10",-0.845762582296474,1.18441728617358e-08,0.857634480729278
"ENSG00000136930.13","PSMB7",-0.529241979012925,3.95496799916298e-08,0.996886230012695
"ENSG00000136937.13","NCBP1",-0.404434127979535,0.000128925817252398,0.976385504622478
"ENSG00000136942.15","RPL35",-0.337292856961485,0.00142135567114976,0.997772347154853
"ENSG00000136997.18","MYC",-1.33602083665274,7.99653114484156e-08,0.999500912589623
"ENSG00000137054.16","POLR1E",-1.14761446112011,1.49390026943166e-06,0.902857968009747
"ENSG00000137100.16","DCTN3",0.382679018015131,4.59083159748226e-05,0.917053112496087
"ENSG00000137200.13","CMTR1",0.381916221187302,0.00112621038980603,0.926075980514253
"ENSG00000137309.19","HMGA1",-2.08743257474787,1.66091550460546e-10,0.909878502947358
"ENSG00000137413.16","TAF8",0.39943889697603,4.58848707904888e-05,0.938345520020061
"ENSG00000137574.10","TGS1",-0.555643168023509,5.95230038610813e-06,0.948411555330867
"ENSG00000137807.15","KIF23",-0.808388562310042,4.97012103253897e-05,1
"ENSG00000137812.19","KNL1",-0.733058884658134,7.46000631343258e-05,0.841157211117074
"ENSG00000137822.12","TUBGCP4",-0.467202284832772,5.07524700262659e-05,0.956019356566926
"ENSG00000137947.12","GTF2B",0.434773663955298,0.0015485027528232,0.999999916497888
"ENSG00000138071.13","ACTR2",-0.295689755590249,2.79499939042196e-06,0.977144416418707
"ENSG00000138073.14","PREB",-0.244780074779858,0.00638528497743096,0.960184761234837
"ENSG00000138160.6","KIF11",-0.846069433664597,2.36646053843942e-05,1
"ENSG00000138231.12","DBR1",-0.438724552951933,1.27712599732784e-05,0.999757397574741
"ENSG00000138385.16","SSB",-0.272148277275899,0.00763705968387664,0.936640964350766
"ENSG00000138442.9","WDR12",-0.757037812676424,2.08592898941916e-05,0.986808092107267
"ENSG00000138592.14","USP8",0.225243089477022,0.000602384114568541,0.848536184712771
"ENSG00000138750.15","NUP54",-0.540030509738869,5.12722526472698e-07,0.934588678075331
"ENSG00000138778.11","CENPE",-0.60407730480872,0.00199021990917353,0.937357542706104
"ENSG00000139131.12","YARS2",-0.450458499558339,6.4627848617426e-07,0.943318675547951
"ENSG00000139168.8","ZCRB1",0.416239295953526,1.32945572637507e-06,0.911562394395025
"ENSG00000139233.7","LLPH",-0.421458251808453,3.12904379851749e-05,0.889988639228318
"ENSG00000139343.10","SNRPF",-0.819569130374965,2.18987610296428e-06,1
"ENSG00000139350.11","NEDD1",-0.422757936604189,0.00103441791865427,0.999999968478498
"ENSG00000139620.12","KANSL2",-0.353763903263064,0.000158578107133612,0.941927385936196
"ENSG00000139697.14","SBNO1",-0.25348800327884,6.78430808310156e-05,0.99975524374003
"ENSG00000139726.11","DENR",-0.42825345306416,1.16572235854283e-07,0.888143395842618
"ENSG00000140307.11","GTF2A2",-0.286258419287913,0.000661868181363989,0.992516742346915
"ENSG00000140319.10","SRP14",0.299749121284072,1.73012965727942e-06,0.933344470059489
"ENSG00000140534.13","TICRR",-0.994460174373182,4.54213279321931e-05,0.99346125555961
"ENSG00000140829.12","DHX38",-0.149211778724787,0.003275243660887,0.923919040610247
"ENSG00000140943.17","MBTPS1",0.440807141031902,7.82813986123732e-07,0.88384233380575
"ENSG00000141030.13","COPS3",-0.781923756497533,3.26410612105537e-07,0.943296825088095
"ENSG00000141076.18","UTP4",-1.16283529272165,7.63320351641043e-08,0.993116336398526
"ENSG00000141101.13","NOB1",-0.634680275200182,2.54993880848377e-07,0.966169391784724
"ENSG00000141279.16","NPEPPS",0.747585478567598,1.05400768920426e-09,0.857767588887629
"ENSG00000141385.9","AFG3L2",-0.463045638011887,0.00037042192086641,0.945759131830835
"ENSG00000141456.14","PELP1",-0.65059178233275,8.49419508079378e-06,0.962582892053531
"ENSG00000141543.11","EIF4A3",-0.422504150108656,4.83303463783183e-05,1
"ENSG00000141564.15","RPTOR",-0.28617405822369,0.00432245554090735,0.94308022263801
"ENSG00000141759.15","TXNL4A",-0.618903315580306,3.98895596651868e-07,1
"ENSG00000141867.17","BRD4",-0.546604710491478,2.39626242505333e-09,0.952327166860414
"ENSG00000142089.16","IFITM3",1.10226174430242,0.000216369136250533,0.964354785014949
"ENSG00000142207.7","URB1",-1.22627735603238,2.11311932596721e-08,0.950583382632525
"ENSG00000142230.11","SAE1",-0.484970745752014,0.000441680848886246,0.971737009595838
"ENSG00000142731.11","PLK4",-0.997409352094047,2.28468074434458e-06,0.956693930905316
"ENSG00000143106.13","PSMA5",-0.260103418759176,0.00127102000484432,1
"ENSG00000143228.13","NUF2",-0.527832527179177,0.0007074905817162,0.999738752928305
"ENSG00000143252.14","SDHC",0.239667747281178,9.6559443532998e-05,0.939617178869445
"ENSG00000143256.5","PFDN2",-1.06480465444631,8.63356961623633e-09,0.999999999999991
"ENSG00000143319.16","ISG20L2",-0.867319926884411,4.83850414181402e-08,0.953851886006843
"ENSG00000143368.10","SF3B4",-0.681364689919143,1.061064518742e-08,0.999986910242768
"ENSG00000143476.18","DTL",-1.90063249674804,1.20019719318273e-06,1
"ENSG00000143493.13","INTS7",-0.388268033646971,4.28884888691464e-05,0.946819468414276
"ENSG00000143498.18","TAF1A",-1.00566216069609,4.27865390844417e-05,0.885339046795095
"ENSG00000143621.17","ILF2",-0.471614925204231,1.40006205126864e-05,0.97647788690271
"ENSG00000143624.14","INTS3",0.532652474210432,4.55995065068215e-06,0.99800800606199
"ENSG00000143751.10","SDE2",-0.513577278234566,1.35567165454676e-06,1
"ENSG00000144021.2","CIAO1",-0.396487638285969,4.19127335799747e-06,0.956439194197759
"ENSG00000144028.15","SNRNP200",-0.266439044404815,4.66733354435877e-05,1
"ENSG00000144161.13","ZC3H8",-0.613660421777083,2.74337012355742e-05,0.957727150260462
"ENSG00000144231.11","POLR2D",-0.863313447851006,3.04255699246197e-08,0.999985789442924
"ENSG00000144381.17","HSPD1",-0.836126649345775,8.42846148892287e-07,0.990262010515359
"ENSG00000144559.10","TAMM41",-0.365075574921522,0.00418081508035754,0.895073465911813
"ENSG00000144736.14","SHQ1",-0.482736590633094,4.50408460854819e-05,0.905954221599185
"ENSG00000144744.17","UBA3",0.266096053259643,4.50248414223512e-06,0.937858984957524
"ENSG00000145191.14","EIF2B5",-0.339510607715151,6.3628321610622e-06,0.986463199916933
"ENSG00000145216.16","FIP1L1",-0.335961095758281,1.43568317554072e-06,0.948888209818017
"ENSG00000145375.8","SPATA5",-0.903428878189605,1.91455146453343e-06,0.939524940053592
"ENSG00000145386.10","CCNA2",-0.698850887847372,0.000193204724176025,0.964891312762108
"ENSG00000145388.15","METTL14",0.280116976815199,1.56948759189165e-05,0.939022797944085
"ENSG00000145734.19","BDP1",-0.438324259795518,1.6369731563718e-06,0.893092936098899
"ENSG00000145741.15","BTF3",-0.230080784005183,0.00492598250787269,0.959530473767913
"ENSG00000145833.16","DDX46",-0.734094142292877,9.20417301533524e-09,0.975293116330887
"ENSG00000145912.8","NHP2",-0.452679112810574,0.000449007630060508,0.946972460143857
"ENSG00000146007.10","ZMAT2",0.262968769911331,2.13530389900162e-05,0.997494241283326
"ENSG00000146109.5","ABT1",-0.403740461451415,1.35567165454676e-06,0.94371705560548
"ENSG00000146263.11","MMS22L",-1.41627711144065,3.00723374735304e-07,0.998663757261348
"ENSG00000146457.16","WTAP",-0.253259590817754,7.92742672818715e-05,0.921487498303226
"ENSG00000146670.10","CDCA5",-1.58387212436093,2.82653553624476e-07,0.908942643615626
"ENSG00000146731.11","CCT6A",-0.790929688079925,1.04654141149532e-06,0.996207720839747
"ENSG00000146834.14","MEPCE",-0.419074036843799,0.000586303467137964,0.990534943140844
"ENSG00000146918.19","NCAPG2",-0.966596451085979,1.3093719027684e-05,0.926072788334151
"ENSG00000147162.14","OGT",0.415933145434881,0.00125894038896799,0.97444542837551
"ENSG00000147274.14","RBMX",-0.517678390679657,1.28339839637094e-07,0.979474783267836
"ENSG00000147457.14","CHMP7",-0.244779525331838,0.00111641788286671,0.904331426708177
"ENSG00000147536.12","GINS4",-1.72034176603396,2.30019959355628e-07,0.991229690754498
"ENSG00000147679.12","UTP23",-0.329526316139504,0.00182998352618742,0.946070305568567
"ENSG00000147874.11","HAUS6",-0.951256809039881,4.84774110878924e-07,0.997232935953572
"ENSG00000148296.7","SURF6",-0.798393472714828,2.54791509434698e-07,0.852561158139517
"ENSG00000148297.15","MED22",-0.52092925241146,3.82430480447098e-08,0.976062192475389
"ENSG00000148308.17","GTF3C5",-0.22924848061603,0.00098213661818401,0.816489109717161
"ENSG00000148606.13","POLR3A",-0.58747875695415,5.69074379109215e-08,1
"ENSG00000148688.13","RPP30",-0.454626347840603,5.20019139083154e-05,0.971230815505344
"ENSG00000148835.11","TAF5",-0.930258050018718,4.24208957483821e-07,0.896475665336401
"ENSG00000148843.15","PDCD11",-1.12471884475346,1.18441728617358e-08,0.982238911828858
"ENSG00000149100.13","EIF3M",-0.449022276928422,1.20241959653273e-06,0.896935870123454
"ENSG00000149136.9","SSRP1",-0.828392465300086,5.44257154773939e-07,0.984449218546569
"ENSG00000149308.17","NPAT",-0.284131445430576,0.000551179637198886,0.929580279231162
"ENSG00000149503.13","INCENP",-0.708523930681231,3.2236028251568e-05,0.99378767115666
"ENSG00000149554.12","CHEK1",-1.15260542646512,6.14497420687584e-06,1
"ENSG00000149636.15","DSN1",-0.882596788882155,6.03188136345509e-05,0.930593587983301
"ENSG00000149716.12","LTO1",-0.621332047834756,6.62337721545439e-08,0.999737310097892
"ENSG00000149806.11","FAU",-0.193416000052204,0.00495246945345619,1
"ENSG00000149923.14","PPP4C",-0.306209323847084,1.18618046558588e-06,0.955591830107685
"ENSG00000149925.19","ALDOA",-0.440195734309353,7.59219046014348e-05,0.954690662091303
"ENSG00000150753.12","CCT5",-0.810975033043883,5.55472555690797e-08,0.995842791561533
"ENSG00000150990.8","DHX37",-0.770439145512059,8.40770240313819e-06,0.99575794269531
"ENSG00000151247.12","EIF4E",-0.547558786563863,5.81888717244908e-07,0.994733265477169
"ENSG00000151304.5","SRFBP1",-0.54970607206185,5.2768229352678e-05,0.900063761834712
"ENSG00000151465.14","CDC123",-0.548194871490543,1.91484099941919e-06,1
"ENSG00000151503.12","NCAPD3",-1.17229997856522,2.40853239043622e-07,0.899818946050337
"ENSG00000152147.11","GEMIN6",-0.539793035360914,0.000148963773054803,0.889027663863296
"ENSG00000152240.13","HAUS1",-0.342669272632684,0.00690804498506517,0.998818635883572
"ENSG00000152253.9","SPC25",-1.09033167598832,2.61984943142864e-05,0.994971453347921
"ENSG00000152904.11","GGPS1",0.760860720427614,5.58515289876107e-10,0.969828574216611
"ENSG00000152942.19","RAD17",0.363757334387306,1.33139799457784e-06,0.90694754503956
"ENSG00000152944.9","MED21",0.337238770517686,1.27788274288269e-06,0.945868867054318
"ENSG00000153037.14","SRP19",-0.289416950464738,0.00404436802284117,0.962438219622722
"ENSG00000153107.13","ANAPC1",-0.7909290279541,4.68522186364771e-06,0.999276550969997
"ENSG00000153187.20","HNRNPU",-0.444992174174256,8.65544774275437e-06,0.926893246787129
"ENSG00000153201.16","RANBP2",-0.544302967459352,4.33755511410486e-05,0.837450889112051
"ENSG00000153207.15","AHCTF1",-0.769739970625806,2.54594953657132e-08,0.977572275869194
"ENSG00000153339.14","TRAPPC8",0.369885366309395,3.5228968433602e-07,0.987395498894043
"ENSG00000153989.8","NUS1",-0.28411471376091,0.000150092538357072,1
"ENSG00000154473.18","BUB3",-0.48977490016741,1.06824321090298e-06,1
"ENSG00000154582.16","ELOC",-0.409448483839375,1.22096943443318e-06,0.970098827639588
"ENSG00000154743.17","TSEN2",-0.763190841995755,7.442238091312e-05,0.910027374119559
"ENSG00000154839.10","SKA1",-1.14724286764322,1.57856354994716e-05,0.896765189594166
"ENSG00000155438.12","NIFK",-0.871805573307852,2.07937174822619e-07,0.999603706375176
"ENSG00000155561.15","NUP205",-0.987120531744913,5.90399487329503e-08,0.973104766987897
"ENSG00000155827.12","RNF20",0.485138014307167,5.53375486898171e-08,0.907120594335895
"ENSG00000155858.6","LSM11",-0.970572246422559,1.06719421805613e-07,0.961261565037392
"ENSG00000156261.13","CCT8",-0.52763791128784,4.03975742532103e-07,0.990316167922058
"ENSG00000156502.14","SUPV3L1",-0.413057380277721,0.000126839242439929,0.828530444163821
"ENSG00000156876.10","SASS6",-0.741109237294736,1.86064279825851e-05,0.93401422663881
"ENSG00000156970.12","BUB1B",-0.684503414793606,0.00108287353203041,0.98293178411575
"ENSG00000157020.18","SEC13",-0.228466434175494,0.000845901026693615,0.979862506083127
"ENSG00000157216.15","SSBP3",0.945412874528443,1.98049285769026e-05,0.856202754066088
"ENSG00000157778.8","PSMG3",-0.579285258628531,5.54321767501132e-07,0.998360760478703
"ENSG00000158373.8","H2BC5",1.91677397142279,4.10978783988934e-09,0.981359506737366
"ENSG00000158526.8","TSR2",-0.254778252820889,0.00715377050185748,0.99999764106179
"ENSG00000159055.4","MIS18A",-0.902711226898483,8.23320057045514e-06,0.95359357290107
"ENSG00000159079.19","CFAP298",-0.436220844354365,4.57735244036125e-05,0.999977841533952
"ENSG00000159086.15","PAXBP1",-0.202049097644876,0.00516258426192769,0.917733773274833
"ENSG00000159140.20","SON",-0.209538046897646,0.000831858213473789,0.957934194063984
"ENSG00000159147.18","DONSON",-0.964192683250814,8.04377366723881e-05,1
"ENSG00000159210.9","SNF8",-0.193743700824476,0.00190549676808968,0.958026776358178
"ENSG00000159259.8","CHAF1B",-1.48275844694364,3.39713001393136e-06,0.999943632322088
"ENSG00000159352.15","PSMD4",-0.158507025488573,0.00337691077143752,0.996273428273221
"ENSG00000159377.11","PSMB4",-0.117156535484664,0.00836042754362634,1
"ENSG00000159479.17","MED8",-0.198860519922205,0.00196107240278021,0.993689477256249
"ENSG00000159593.15","NAE1",-0.718780553883749,1.77060489639729e-06,0.898941675802439
"ENSG00000160075.12","SSU72",-0.211370332739765,0.00124669626558211,0.999992413317654
"ENSG00000160214.12","RRP1",-1.38217278562855,1.26324876746851e-09,0.957533952476877
"ENSG00000160294.11","MCM3AP",-0.311460558949677,5.48228816215639e-05,0.960871455504245
"ENSG00000160563.14","MED27",-0.382413505265489,0.000935849843965991,0.934418369520694
"ENSG00000160783.19","PMF1",-0.196432714382051,0.00833439196700532,0.971210553940268
"ENSG00000160917.15","CPSF4",-0.79747787870589,5.84036705230226e-08,0.993030942845757
"ENSG00000160948.14","VPS28",0.360030447352064,7.6264882183267e-05,1
"ENSG00000160949.17","TONSL",-1.17576678095073,1.03690925979614e-05,0.999726988359168
"ENSG00000161016.17","RPL8",-0.292974110532977,0.00431783572633032,1
"ENSG00000161057.12","PSMC2",-0.275874706103521,0.000515757741229237,0.979507786717771
"ENSG00000161217.12","PCYT1A",-0.226869452302826,0.000204444127260682,0.900335516288271
"ENSG00000161526.15","SAP30BP",-0.21939268533357,0.000768548468876851,0.999990570404999
"ENSG00000161547.16","SRSF2",-0.703563632423115,3.29283905430306e-07,1
"ENSG00000161800.13","RACGAP1",-0.406308524796403,0.00620106282771546,0.987929288092881
"ENSG00000161888.11","SPC24",-0.980432649539117,0.000173133280778761,1
"ENSG00000161920.10","MED11",0.386871377382112,0.00153859657794934,0.999977787090798
"ENSG00000161960.15","EIF4A1",-1.16549081669733,1.35179321490385e-05,0.965340852524432
"ENSG00000161980.5","POLR3K",-1.10051212424009,1.82802175332508e-06,0.999985463689004
"ENSG00000161981.10","SNRNP25",-0.580523738727708,0.00285523290012905,0.991964053507474
"ENSG00000162236.11","STX5",0.688430993451247,2.07751165777022e-06,0.996994393420036
"ENSG00000162385.11","MAGOH",-0.676717164428805,3.77424968743786e-08,0.893766618599452
"ENSG00000162408.11","NOL9",-0.780310330898776,1.53722259960987e-08,0.952566113981608
"ENSG00000162521.19","RBBP4",-0.220691849042357,0.00679095876381594,0.979100294998004
"ENSG00000163029.16","SMC6",-0.718243779706553,3.36889304469291e-08,0.91601106113787
"ENSG00000163468.15","CCT3",-0.539092981220861,2.76138523680896e-06,1
"ENSG00000163510.14","CWC22",-0.292971281587059,1.49725721465315e-05,0.980320251162442
"ENSG00000163528.13","CHCHD4",-0.901604962571537,2.86418055178646e-07,0.929471586553687
"ENSG00000163636.10","PSMD6",-0.567962930918189,2.06230395044622e-06,0.999950487344433
"ENSG00000163655.16","GMPS",-0.87974734698225,5.18848968587863e-08,0.950709111904391
"ENSG00000163684.11","RPP14",-0.351267990135682,0.00104214702479368,0.959503624179828
"ENSG00000163714.17","U2SURP",-0.591813676902699,7.68001944320856e-05,0.994458510348984
"ENSG00000163781.13","TOPBP1",-0.935169952993048,2.78928804017302e-07,0.991959835748715
"ENSG00000163811.12","WDR43",-1.3501844957923,2.64706080537106e-08,1
"ENSG00000163832.16","ELP6",-0.329779780081873,0.000157289566989568,0.915142020739008
"ENSG00000163882.9","POLR2H",-0.394522763270012,3.68827964124391e-05,0.998321455156764
"ENSG00000163918.10","RFC4",-0.997531727994726,2.32228338542457e-05,0.955113274886741
"ENSG00000163933.10","RFT1",-0.544461783360368,1.46427404923369e-05,0.940633453762399
"ENSG00000163938.17","GNL3",-0.794822382487675,2.99860704651224e-06,0.976441041918923
"ENSG00000163950.13","SLBP",-0.903039873061269,9.42763919368932e-06,0.943947868648308
"ENSG00000164053.21","ATRIP",-0.796285210371333,4.48045923729133e-07,0.832384058038248
"ENSG00000164091.12","WDR82",-0.229315572905914,0.00106957037490889,0.996245565268825
"ENSG00000164109.14","MAD2L1",-1.05165428840565,3.44319389254759e-06,0.997022323628885
"ENSG00000164134.13","NAA15",-0.912263809517703,1.59865059162756e-07,0.94007132666046
"ENSG00000164162.14","ANAPC10",-0.439358848611272,4.94053602985747e-05,0.979405276050452
"ENSG00000164163.11","ABCE1",-1.13389356673929,1.05932766506849e-07,0.999984148700603
"ENSG00000164167.12","LSM6",-0.639679629035513,7.8083264925885e-07,0.999986156189118
"ENSG00000164338.10","UTP15",-1.05823623939368,3.2153933906254e-08,0.997636260600622
"ENSG00000164609.10","SLU7",0.383996907437865,0.000376805027445619,0.992831246764001
"ENSG00000164754.14","RAD21",-0.179518356782496,0.00697001130019044,1
"ENSG00000164880.16","INTS1",-0.40796479187606,6.7685578130143e-07,0.965045584060462
"ENSG00000164902.14","PHAX",-0.231023782970613,0.000760448824831903,0.969934156870426
"ENSG00000164924.18","YWHAZ",-0.266548834026406,0.00475493761925299,0.881828431900493
"ENSG00000164975.15","SNAPC3",0.264169201343115,0.000700366000489589,0.979673056605716
"ENSG00000165006.14","UBAP1",0.308277238319822,1.62930268202718e-05,0.919091987898884
"ENSG00000165119.21","HNRNPK",-0.252643977979429,0.00075271377325346,1
"ENSG00000165269.13","AQP7",3.31504284574546,1.0522890060485e-05,0.893830450601036
"ENSG00000165271.17","NOL6",-1.17423553378035,7.94150210543658e-08,0.985683564413265
"ENSG00000165417.12","GTF2A1",-0.297303641056567,0.00180143614044866,0.876744061229311
"ENSG00000165480.16","SKA3",-1.37555546874625,3.54175237528182e-07,0.901345139272394
"ENSG00000165501.17","LRR1",-0.840690782024731,1.33000379414366e-05,1
"ENSG00000165684.4","SNAPC4",-0.802931151349711,2.00199351746945e-07,0.999817892928898
"ENSG00000165688.12","PMPCA",-0.606127519885869,8.4728049285838e-07,0.967708819785792
"ENSG00000165732.13","DDX21",-1.46805661890717,1.16779231686565e-08,0.955860979681876
"ENSG00000165733.8","BMS1",-0.770179095606813,5.4028690624971e-09,0.954693769420289
"ENSG00000165916.8","PSMC3",-0.73808074885002,6.67867223172651e-08,0.998535505047632
"ENSG00000165934.12","CPSF2",-0.259788100088581,5.05311013718964e-05,0.985108154163379
"ENSG00000166200.15","COPS2",-0.326016638405152,3.6831319215768e-05,0.972126228279832
"ENSG00000166226.13","CCT2",-0.833617512830738,7.94150210543658e-08,0.999999917484397
"ENSG00000166451.13","CENPN",-0.832223187778914,2.15169291320947e-06,0.985150645857089
"ENSG00000166508.17","MCM7",-1.62136746935475,1.59693660587251e-08,0.999616527514157
"ENSG00000166595.12","CIAO2B",-0.258668958468948,0.00162357609240797,0.970241577168648
"ENSG00000166598.15","HSP90B1",0.332152109030755,0.00573130120176345,0.927786587413437
"ENSG00000166847.10","DCTN5",-0.262217552532184,4.27156085610694e-05,0.964526523280232
"ENSG00000166851.15","PLK1",-0.673712202077731,0.000417394098941176,1
"ENSG00000167005.14","NUDT21",-0.432007433104479,6.39946354306408e-06,1
"ENSG00000167085.11","PHB",-0.493345594067699,5.4095284504463e-05,1
"ENSG00000167088.11","SNRPD1",-0.902452411610163,9.52096836972778e-08,1
"ENSG00000167272.10","POP5",-0.279419596413251,0.00957636163217344,0.989723834456269
"ENSG00000167325.15","RRM1",-1.21318697911405,5.08159973056678e-07,1
"ENSG00000167508.12","MVD",1.88357892950765,1.61749094263664e-08,0.928676448926373
"ENSG00000167513.9","CDT1",-1.42226385353316,6.92338645319225e-06,0.999343055340904
"ENSG00000167670.16","CHAF1A",-1.55135755874133,6.25607683353036e-07,0.971356925417626
"ENSG00000167721.10","TSR1",-1.18722825670344,3.36827081654356e-07,0.964138829474522
"ENSG00000167842.15","MIS12",-0.328371833905696,0.00637928447485799,0.95658746217294
"ENSG00000167965.18","MLST8",-0.265291824173851,0.00311539638154314,0.8401169491657
"ENSG00000167986.13","DDB1",-0.354224892586169,3.69365933695384e-06,0.999999921161804
"ENSG00000168066.20","SF1",-0.653686613897742,3.42452317418255e-07,1
"ENSG00000168090.10","COPS6",-0.491013401672073,9.84624511148267e-07,0.987802277116606
"ENSG00000168393.13","DTYMK",-0.687454441764005,1.74458856382017e-05,0.987958808568345
"ENSG00000168496.4","FEN1",-1.73586002752694,6.06959943165735e-07,0.917898325066289
"ENSG00000168538.16","TRAPPC11",0.338822675931522,1.69860571916604e-05,0.955645140265552
"ENSG00000168883.20","USP39",-0.347750259800534,0.000429502715682474,0.991097166279198
"ENSG00000168906.13","MAT2A",-0.448295741866925,0.0020937599086664,0.998097311647441
"ENSG00000168924.15","LETM1",-0.933053802618982,2.95170630540088e-08,0.896955584222917
"ENSG00000169230.10","PRELID1",-0.723344029456088,2.2118841427139e-06,1
"ENSG00000169251.12","NMD3",-0.375752091465599,0.000197532144016651,0.975486596595544
"ENSG00000169679.14","BUB1",-0.530563917116682,0.00144141306548231,0.917888953200826
"ENSG00000169727.12","GPS1",-0.44724677215447,1.95873748383519e-06,0.977436210724763
"ENSG00000170043.11","TRAPPC1",0.163411536872091,0.00179259730165436,0.942696246438076
"ENSG00000170312.15","CDK1",-0.860908992581511,2.34646993373954e-05,1
"ENSG00000170445.14","HARS1",-0.756806750460751,1.34972612897247e-07,0.996701200840805
"ENSG00000170515.14","PA2G4",-1.22807584966503,1.93319262511527e-08,0.812376974624924
"ENSG00000170855.4","TRIAP1",-0.378456216615282,0.00420286035560686,0.966744079690623
"ENSG00000171314.9","PGAM1",-0.519801607165633,0.000116661791966602,0.946352995827807
"ENSG00000171453.19","POLR1C",-0.657763246256782,1.75646442104259e-05,0.999995522341716
"ENSG00000171490.13","RSL1D1",-0.768647250939628,6.01728459999694e-06,0.984442614577348
"ENSG00000171552.13","BCL2L1",-0.781984861285725,0.00335012129357156,0.91141718478971
"ENSG00000171634.18","BPTF",0.190799711263165,0.00160777772674182,0.910899332030554
"ENSG00000171720.10","HDAC3",-0.207586784203248,0.000663088555391906,0.93914213030821
"ENSG00000171763.19","SPATA5L1",-0.34889737758503,0.00313387350247618,0.960827928193344
"ENSG00000171824.14","EXOSC10",-0.377593289980059,9.2036983504456e-06,0.848382073723718
"ENSG00000171848.15","RRM2",-1.80851825004057,4.13856078137112e-06,1
"ENSG00000172053.18","QARS1",0.34159713569114,0.000158297485358659,0.997917505216494
"ENSG00000172115.8","CYCS",-0.607959063624743,6.31281897573445e-06,0.91840530545997
"ENSG00000172167.8","MTBP",-0.706361735911969,3.50924124723601e-05,1
"ENSG00000172262.11","ZNF131",-0.462734571439643,3.55602439648532e-06,0.97032025291803
"ENSG00000172273.12","HINFP",0.597460288112621,2.19569485500913e-06,0.999956882405129
"ENSG00000172315.6","TP53RK",-0.57456833257392,2.67108044902329e-05,0.929787513997099
"ENSG00000172336.5","POP7",-0.737305627263583,6.8579339924187e-06,0.828896079177808
"ENSG00000172409.6","CLP1",-0.286856346686168,0.00239376762930568,0.999999999866267
"ENSG00000172530.20","BANP",0.603674842040981,0.00611568141336488,0.969288452066485
"ENSG00000172531.15","PPP1CA",-0.352964345418751,2.25786568055633e-07,0.858467513383159
"ENSG00000172534.14","HCFC1",-0.635712708751902,3.09154427717408e-07,0.999999999999949
"ENSG00000172757.13","CFL1",-0.335436990255388,0.000220170749000205,0.855858268688811
"ENSG00000173145.11","NOC3L",-1.15648972085978,9.1709288281717e-08,0.875186527210346
"ENSG00000173418.11","NAA20",-0.546218480115037,1.93319262511527e-08,0.9054377595463
"ENSG00000173457.11","PPP1R14B",-0.643437504817734,8.53291999605151e-07,0.818386494303594
"ENSG00000173531.15","MST1",2.01903508263063,2.63901647476805e-08,0.882668746867034
"ENSG00000173540.12","GMPPB",-0.320884933105924,0.00772041850604728,0.953253381911791
"ENSG00000173674.11","EIF1AX",-0.642907342638966,6.76108665900309e-07,0.999045675989188
"ENSG00000173692.13","PSMD1",-0.53728637691729,3.18067220737704e-05,0.987963876499931
"ENSG00000173726.11","TOMM20",-0.468871979681637,0.000350631342672893,0.920658228075042
"ENSG00000173812.11","EIF1",-0.311949693442345,0.00060148912352744,0.955096978906461
"ENSG00000174231.17","PRPF8",-0.498233000168365,1.30758850248418e-07,1
"ENSG00000174276.6","ZNHIT2",-0.455300874779812,0.000492383497584978,0.999968412369681
"ENSG00000174437.17","ATP2A2",-0.282896141793318,0.00407672614527247,0.999753580331485
"ENSG00000174780.16","SRP72",-0.599450387942875,6.11458136626036e-07,0.980816618110014
"ENSG00000174953.14","DHX36",-0.319716761267205,0.000155470309832387,0.835864638491157
"ENSG00000175054.15","ATR",-0.454116456277129,0.000476752691885083,0.956328564907852
"ENSG00000175166.17","PSMD2",-0.90454434689672,2.19613132994681e-07,0.987712241718056
"ENSG00000175203.15","DCTN2",0.338114529727579,9.05174128346858e-06,0.948368487279723
"ENSG00000175216.14","CKAP5",-0.300824827247537,0.00422474351821079,0.999571777551396
"ENSG00000175334.8","BANF1",-0.257474772120387,0.00524322938245025,1
"ENSG00000175376.9","EIF1AD",-0.782634443396706,2.25880847595539e-09,0.971906696579223
"ENSG00000175467.15","SART1",-0.441719633384796,7.44174179362869e-06,0.967161297008515
"ENSG00000175792.11","RUVBL1",-0.95006661320299,4.66921366855012e-07,0.999999999999967
"ENSG00000176102.13","CSTF3",-0.283987748179256,0.00128650621669749,0.943750869652952
"ENSG00000176108.9","CHMP6",-0.314359752106339,0.000299368498249876,0.998646107400504
"ENSG00000176407.18","KCMF1",-0.440980015924504,4.03756625316006e-07,0.933875552828261
"ENSG00000176809.10","LRRC37A3",1.24680471660901,1.73320654943399e-05,0.918060828319497
"ENSG00000176853.16","FAM91A1",-0.324848046238656,6.27921555598391e-06,0.854565012242075
"ENSG00000176915.15","ANKLE2",-0.405335631986998,2.45610127394582e-05,1
"ENSG00000177084.16","POLE",-1.5053635792509,7.80079662763166e-08,0.999947422464685
"ENSG00000177302.15","TOP3A",-1.06009003397214,9.67389500028396e-09,0.965988081929332
"ENSG00000177889.10","UBE2N",-0.712469417255698,2.57808928202553e-08,0.950405651486694
"ENSG00000177971.8","IMP3",-0.367328009121062,0.000192912600770118,0.999914952144816
"ENSG00000178028.14","DMAP1",0.402645768445588,8.94410816436471e-05,0.936604910423238
"ENSG00000178105.11","DDX10",-0.79691570476819,1.33596782007121e-05,0.990747008626938
"ENSG00000178896.9","EXOSC4",-0.942987103256991,2.14062339996428e-08,0.983131384897997
"ENSG00000178913.7","TAF7",0.407504327469417,7.39404600707789e-06,0.929711311645894
"ENSG00000178966.16","RMI1",-0.733911047584778,6.07236575797185e-07,0.851460970314125
"ENSG00000178999.13","AURKB",-1.14110206836216,2.29413451944796e-06,0.999992297089739
"ENSG00000179041.4","RRS1",-1.41104928127203,6.30215761237085e-09,0.947386912785462
"ENSG00000179115.11","FARSA",-0.751844316979968,1.27758209656517e-07,0.980132791062534
"ENSG00000179409.11","GEMIN4",-1.34068798678087,2.89035539892294e-06,0.92192955572863
"ENSG00000179950.13","PUF60",-0.636176967723828,1.35512362971452e-08,1
"ENSG00000180198.16","RCC1",-0.6475936414203,0.000142433126025221,0.988352425877554
"ENSG00000180573.9","H2AC6",2.15127111606543,5.28248657260874e-10,0.892811110295934
"ENSG00000180596.7","H2BC4",1.05722819293036,0.000439587347940745,0.999989524662824
"ENSG00000180822.11","PSMG4",-0.536890824861236,0.000194564288075105,0.972606305890591
"ENSG00000181163.13","NPM1",-0.749172243061269,7.65944602930583e-06,0.953253614853795
"ENSG00000181817.6","LSM10",-0.453050426976719,3.73922341524384e-05,0.886473598311781
"ENSG00000181938.13","GINS3",-1.2913827907392,2.39255937170156e-06,0.952990851318133
"ENSG00000182117.5","NOP10",-0.456750912197784,9.67389500028396e-09,0.940448818971226
"ENSG00000182220.14","ATP6AP2",0.51189385099107,3.44314238316981e-08,0.930951125473306
"ENSG00000182446.14","NPLOC4",-0.342191748347535,7.25857769258399e-05,0.978844871302086
"ENSG00000182944.17","EWSR1",-0.723699126959424,6.30008421656109e-08,0.952307668017385
"ENSG00000183207.14","RUVBL2",-0.646265406213493,6.32987151282847e-06,0.999980916970812
"ENSG00000183258.12","DDX41",-0.307046358580262,8.65165992408721e-05,0.999933951450865
"ENSG00000183431.12","SF3A3",-0.712093478349958,8.25757367396639e-08,0.999999839729918
"ENSG00000183495.13","EP400",-0.428013014866258,0.000146986232805886,0.949106875190902
"ENSG00000183520.12","UTP11",-0.834744741896584,6.34288171444953e-08,0.950494666523696
"ENSG00000183684.7","ALYREF",-1.33129194340125,1.9918849253575e-08,0.950253156819192
"ENSG00000183751.14","TBL3",-0.648959886134218,7.24175713034208e-07,0.965058659296644
"ENSG00000183955.13","KMT5A",-0.491854629333488,0.000120558425372412,0.864001942929856
"ENSG00000184432.10","COPB2",0.280486415739574,3.99563703453684e-06,0.999999999506983
"ENSG00000184967.7","NOC4L",-0.774632589732248,3.16557828930812e-08,0.956395655875483
"ENSG00000185024.17","BRF1",-0.356228952594711,0.00168152163177384,0.979693921723183
"ENSG00000185049.14","NELFA",-0.226319326202911,0.00251058597275981,0.877871732994033
"ENSG00000185085.2","INTS5",-0.342065294461733,0.000543552683726217,0.93621988077994
"ENSG00000185163.10","DDX51",-0.958117674528081,2.08911904774199e-09,0.952220960790143
"ENSG00000185359.13","HGS",-0.441447352301468,1.01787134453088e-08,0.903376067792129
"ENSG00000185627.18","PSMD13",-0.562286995479103,1.80667512103222e-08,0.960854637954466
"ENSG00000185651.14","UBE2L3",-0.164970798019904,0.00268550209353602,0.973288053988917
"ENSG00000185946.16","RNPC3",1.05638458263323,1.93319262511527e-08,0.999946658650416
"ENSG00000186141.9","POLR3C",-0.240461681142605,0.00697168532530402,0.999406521541736
"ENSG00000187514.16","PTMA",-0.501262202414966,7.06234895284358e-05,0.819427579864245
"ENSG00000188342.12","GTF2F2",-0.507412892664539,1.31655406115809e-05,0.970940338186816
"ENSG00000188486.3","H2AX",-0.947262205049925,3.64288601406382e-05,0.90899411560062
"ENSG00000188566.13","NDOR1",-0.549971302345156,2.48704159638419e-05,0.902279746541689
"ENSG00000188612.12","SUMO2",-0.180242396733063,0.000799792381185869,0.921457718954647
"ENSG00000188976.11","NOC2L",-1.03088107687295,1.22473356360033e-08,0.934462469049786
"ENSG00000188986.7","NELFB",-0.281591458656624,0.000210834476549813,0.952819682685324
"ENSG00000189091.13","SF3B3",-0.48495990818942,2.73848114211211e-06,1
"ENSG00000189306.11","RRP7A",-0.96325688836678,1.43584612359818e-08,0.938909363885814
"ENSG00000189403.15","HMGB1",-0.583094576460631,2.85705087599403e-05,0.819757835752327
"ENSG00000196230.13","TUBB",-0.765362198583,0.000295840409038352,0.97785565901559
"ENSG00000196235.14","SUPT5H",-0.184610494257636,0.000532652818711042,0.989298597258945
"ENSG00000196305.17","IARS1",-0.549089277621901,1.31485430009984e-05,0.999924899555773
"ENSG00000196363.9","WDR5",-0.956724638334016,2.42996638329589e-07,0.997701844844656
"ENSG00000196365.11","LONP1",-0.507756035097393,3.75569426905384e-06,0.960237773038767
"ENSG00000196367.13","TRRAP",-0.467540403001433,9.80208292298852e-06,0.998908259957221
"ENSG00000196419.12","XRCC6",-0.355775450224303,0.000889177054113117,0.998808575742069
"ENSG00000196449.4","YRDC",-1.10285742125652,1.01219946842066e-08,0.998222669683102
"ENSG00000196504.16","PRPF40A",-0.203109995820214,0.00270057364230766,0.956101420326911
"ENSG00000196943.14","NOP9",-0.311363608845114,0.00426821997323219,0.897283938320048
"ENSG00000197111.15","PCBP2",-0.232936781588917,0.00261981305291745,0.96861976614329
"ENSG00000197170.10","PSMD12",-0.705716717938899,8.4909304653708e-08,0.994467534271585
"ENSG00000197498.13","RPF2",-0.856184520786605,3.6808056911073e-06,0.958546231015512
"ENSG00000198000.12","NOL8",-0.364700784021386,0.00285523290012905,0.891391845766167
"ENSG00000198042.11","MAK16",-1.23106388625396,2.1680099451287e-07,0.999258716410776
"ENSG00000198056.14","PRIM1",-1.2891718808171,1.15518674907512e-06,1
"ENSG00000198231.13","DDX42",-0.32605997028783,0.000428866971666979,0.961578775455244
"ENSG00000198301.12","SDAD1",-0.516601361950713,3.80850461908268e-06,0.977280575114286
"ENSG00000198498.10","TMA16",-0.719385123483701,8.46655344637996e-07,0.952115447846037
"ENSG00000198522.13","GPN1",-0.153653381709943,0.00687075850232,0.999996819520159
"ENSG00000198554.12","WDHD1",-1.36152730619414,3.29554656644638e-06,0.955932201703429
"ENSG00000198612.11","COPS8",-0.282646758305333,0.000412994532607278,0.955150326244612
"ENSG00000198700.10","IPO9",-0.621773805585399,1.11062545461989e-06,0.87095053269775
"ENSG00000198793.12","MTOR",-0.297802974056982,0.000902228681817701,0.954863146526599
"ENSG00000198887.9","SMC5",-0.705720922490767,7.32593736775866e-09,0.902418708877181
"ENSG00000198900.6","TOP1",-0.674149532210206,7.12677419496822e-05,0.96861601878195
"ENSG00000198901.14","PRC1",-0.516480386016992,0.00274050242589843,0.999203149242794
"ENSG00000198917.13","SPOUT1",-0.546597996479932,7.63531614131693e-07,0.977264060215034
"ENSG00000198952.8","SMG5",-0.248936786796755,0.000259746425489226,0.9628487316567
"ENSG00000203760.8","CENPW",-0.734464346200094,0.000129893952123902,0.999331236663034
"ENSG00000204070.10","SYS1",0.201392648602824,0.00646767661115382,0.92253944645622
"ENSG00000204370.11","SDHD",0.35506436079157,0.000222588999494657,0.826334461134453
"ENSG00000204394.13","VARS1",-1.04828243740871,3.04897032450662e-07,0.999320657690551
"ENSG00000204435.13","CSNK2B",-0.324328704115458,1.52927364268377e-06,0.961625268620324
"ENSG00000204560.10","DHX16",-0.322902008043343,3.85369257175897e-06,0.998896463226916
"ENSG00000204574.13","ABCF1",-0.379744809063422,2.10572280540585e-05,0.983173011306162
"ENSG00000204628.11","RACK1",-0.335298502694954,0.000412401485766419,0.997649035260807
"ENSG00000204899.6","MZT1",-0.408085976308259,0.000429668611888812,0.989367564047074
"ENSG00000205339.10","IPO7",-0.720010134519428,7.31347961099559e-10,0.965950730237384
"ENSG00000205937.12","RNPS1",-0.738652105085884,2.11311932596721e-08,0.963186180201296
"ENSG00000213024.11","NUP62",-0.579039363041715,4.4082895609294e-06,0.918833818639454
"ENSG00000213397.10","HAUS7",-1.16966087190329,6.27199750098116e-06,0.955819373537206
"ENSG00000213516.10","RBMXL1",0.294464384336346,0.00236755366613101,0.949224207728293
"ENSG00000213551.5","DNAJC9",-1.14550416197465,6.83951565739568e-07,0.839157612628772
"ENSG00000213585.11","VDAC1",-0.476079405582195,0.000774124521749307,0.846429213573872
"ENSG00000213639.10","PPP1CB",0.187271199768013,0.00073249092318729,0.950349256528181
"ENSG00000213780.11","GTF2H4",-0.166298021018172,0.00754000677596764,0.924480198228149
"ENSG00000214113.10","LYRM4",-0.28805760472402,0.00145577136504833,0.960531086976198
"ENSG00000214367.7","HAUS3",-0.694040719237269,4.00003753597496e-06,0.952250088053177
"ENSG00000215021.8","PHB2",-0.410000413670624,6.05230194079475e-05,1
"ENSG00000215301.10","DDX3X",-0.37814000329041,7.35306774811667e-06,0.972212401096976
"ENSG00000217930.8","PAM16",-0.759582777218992,4.6253969261239e-06,0.995755280171384
"ENSG00000221944.7","TIGD1",0.264690962405923,0.00500378391678495,0.953850254474738
"ENSG00000223496.3","EXOSC6",-0.827233362796093,7.48466865943403e-08,0.998508931608426
"ENSG00000225921.7","NOL7",-0.334875183220501,9.41539688819497e-05,0.924260895338086
"ENSG00000227057.10","WDR46",-0.550278372712653,1.51868778200395e-05,0.966851385972936
"ENSG00000233822.4","H2BC15",0.629669828252532,0.004348093834654,0.999531336253585
"ENSG00000234545.7","FAM133B",-0.251528146692865,0.00199021990917353,0.93213292924968
"ENSG00000239306.4","RBM14",-0.483960322962115,0.00859838090958266,0.996085661846544
"ENSG00000239900.12","ADSL",-0.742838400065011,3.01515431897473e-07,0.917540906217758
"ENSG00000241258.7","CRCP",-0.412604832010648,2.55441566065903e-05,0.994845516117867
"ENSG00000241370.5","RPP21",-0.286678248154738,0.000738392058660289,0.962445683490131
"ENSG00000241553.12","ARPC4",-0.209463630350237,0.0076440957001281,0.902682858482617
"ENSG00000242028.6","HYPK",-0.812418358409928,3.70357100859572e-08,0.904634546040914
"ENSG00000242372.8","EIF6",-0.740647863510066,4.36228549644554e-09,0.996953479729066
"ENSG00000243725.7","TTC4",-0.570438892674115,1.07389488210286e-06,0.895094584013901
"ENSG00000244005.13","NFS1",0.262489515422037,0.00126345723261827,0.999932961042176
"ENSG00000244038.9","DDOST",0.258994225788132,2.19440358808374e-05,0.948314994676527
"ENSG00000244045.13","TMEM199",-0.26210237780219,0.00437169575635302,0.835237097451414
"ENSG00000246705.4","H2AJ",0.536566706612357,7.9460970710026e-05,0.856298916218004
"ENSG00000249115.9","HAUS5",-0.781876260678819,4.10444424047218e-07,0.973715208679272
"ENSG00000253710.4","ALG11",0.288683907818784,0.00103316289986844,0.998724202201501
"ENSG00000261236.8","BOP1",-1.64898989083961,1.14908637470152e-08,0.960632860525696
"ENSG00000265241.6","RBM8A",-0.610907465431239,5.24875941011093e-08,0.999937278128279
"ENSG00000265354.4","TIMM23",-0.63320622923621,4.30152059144172e-06,0.922338248498258
"ENSG00000273802.2","H2BC8",1.4783908884833,0.000960060203030827,0.940715239861782
"ENSG00000273899.5","NOL12",-0.408966323176378,3.65844247252254e-07,0.950586122904583
"ENSG00000274290.2","H2BC6",1.54023145130873,3.78723151325091e-05,1
"ENSG00000275700.5","AATF",-0.741130267250971,7.92226892346726e-08,0.935198881168318
"ENSG00000275835.5","TUBGCP5",-0.880469897466619,2.89730698959327e-07,0.967366209980147
"ENSG00000277791.5","PSMB3",-0.313116274766585,0.00208032712869182,1
"ENSG00000278677.1","H2AC17",0.970634848217681,0.00748476419383042,0.944502992314432
